"hfpxzc href","qBF1Pd","MW4etd","AJB7ye 2","W4Efsd","W4Efsd 3","W4Efsd 5","p0Hhde src"
"","","","","","","",""
"https://www.google.com/maps/place/Bebek+Sinjay/data=!4m7!3m6!1s0x2dd80576c84a54d3:0xfb25a1b85558795c!8m2!3d-7.0382696!4d112.7684461!16s%2Fg%2F11c3j5c4_1!19sChIJ01RKyHYF2C0RXHlYVbihJfs?authuser=0&hl=en&rclk=1","Bebek Sinjay","4.3","$$","Indonesian","Jl. Raya Ketengan No.45","⋅ Opens 7 AM Mon","https://lh5.googleusercontent.com/p/AF1QipOtEQ_oyz6xunuwiw4gV8aaBSOwpiw40CUkmX5W=w122-h92-k-no"
"https://www.google.com/maps/place/Rumah+Makan+Tera%27+Bulan/data=!4m7!3m6!1s0x2dd805727c338c59:0x69e4ecca3ed9e5e!8m2!3d-7.0415185!4d112.774292!16s%2Fg%2F1hm5qp9xq!19sChIJWYwzfHIF2C0RXp7to8xOngY?authuser=0&hl=en&rclk=1","Rumah Makan Tera' Bulan","4.5","$$","Satay restaurant","Jl. Raya Ketengan No.69","⋅ Opens 9 AM Mon","https://lh5.googleusercontent.com/p/AF1QipMv02i3fertxi_sA65va3M3oxBhvqpoO4jx1SV5=w122-h92-k-no"
"https://www.google.com/maps/place/RM+Budi+Luhur/data=!4m7!3m6!1s0x2dd80f62a994f565:0x8f160da6e6542b8b!8m2!3d-7.025346!4d112.7506345!16s%2Fg%2F1hm2kt54d!19sChIJZfWUqWIP2C0RiytU5qYNFo8?authuser=0&hl=en&rclk=1","RM Budi Luhur","4.4","$$","Indonesian","Jl. Jaksa Agung Suprapto No.23A","⋅ Opens 6 AM Mon","https://lh5.googleusercontent.com/p/AF1QipONp39Gc5A7l68GRMc1M6SymnVMf4PVx8nQz4lU=w92-h92-k-no"
"https://www.google.com/maps/place/Warung+Amboina/data=!4m7!3m6!1s0x2dd805c0bc51ebe7:0xc66a726328518dce!8m2!3d-7.0291987!4d112.7469859!16s%2Fg%2F11b6d7d57v!19sChIJ5-tRvMAF2C0Rzo1RKGNyasY?authuser=0&hl=en&rclk=1","Warung Amboina","4.5","$$","East Javanese restaurant","Jl. Sultan Abd. Kadirun No.18","⋅ Opens 6:30 AM Mon","https://lh5.googleusercontent.com/p/AF1QipOez-3Au3f8x8TAo0tqoTAsSMwYgOZDB54e64f3=w80-h106-k-no"
"https://www.google.com/maps/place/Joglo+Resto+Bangkalan/data=!4m7!3m6!1s0x2dd8056f06e76c7f:0xc58b7c750a221f1e!8m2!3d-7.0700252!4d112.7205503!16s%2Fg%2F11j34p5d5p!19sChIJf2znBm8F2C0RHh8iCnV8i8U?authuser=0&hl=en&rclk=1","Joglo Resto Bangkalan","4.3","","Restaurant","WPHC+X6M, Jalan RAYA","⋅ Opens 11 AM Mon","https://lh5.googleusercontent.com/p/AF1QipPTAAP-Cwj3OYx5p6yTHN04PToAa_A4KEzEPxfK=w122-h92-k-no"
"https://www.google.com/maps/place/Bebek+Songkem+Pak+Salim/data=!4m7!3m6!1s0x2dd80573ce2a8a93:0x6ee3d56e2ae35cf1!8m2!3d-7.0419018!4d112.7748743!16s%2Fg%2F11bc96prkp!19sChIJk4oqznMF2C0R8VzjKm7V424?authuser=0&hl=en&rclk=1","Bebek Songkem Pak Salim","4.3","$$","Indonesian","Jl. Raya Ketegan No.85","⋅ Opens 7 AM Mon","https://lh5.googleusercontent.com/p/AF1QipP1MqIm2rAL4qqyttli5Y7W5ikSW-1VhHXknDp0=w163-h92-k-no"
"https://www.google.com/maps/place/Suramadu+Resto+%26+Cafe/data=!4m7!3m6!1s0x2dd8052403fdece1:0x80ba677e47949826!8m2!3d-7.0582169!4d112.7936272!16s%2Fg%2F1hm5yp9yf!19sChIJ4ez9AyQF2C0RJpiUR35nuoA?authuser=0&hl=en&rclk=1","Suramadu Resto & Cafe","3.9","$$","Restaurant","WQRV+PF6, Jl. Raya Cantian Tangkel Bangkalan","⋅ Opens 8 AM Mon","https://lh5.googleusercontent.com/p/AF1QipMrJo4IsLvFX8-PHuo1_l3G38jYIpy_dNZnX-4f=w122-h92-k-no"
"https://www.google.com/maps/place/RUMAH+MAKAN+TUNGGAL/data=!4m7!3m6!1s0x2dd80323218c0b29:0x7b0b5ca72146a38c!8m2!3d-7.1349004!4d112.7900251!16s%2Fg%2F11hbhg1_j7!19sChIJKQuMISMD2C0RjKNGIadcC3s?authuser=0&hl=en&rclk=1","RUMAH MAKAN TUNGGAL","4.3","$$","Restaurant","","","https://lh5.googleusercontent.com/p/AF1QipMKbDHC6pkMgXBRTXkEwCkNr9L962yUqzwlZhk5=w92-h92-k-no"
"https://www.google.com/maps/place/Rm+Nya+Lete%27/data=!4m7!3m6!1s0x2dd80528f45a0a91:0x9609d4daa74bc353!8m2!3d-7.025346!4d112.7506345!16s%2Fg%2F11j1cbsv43!19sChIJkQpa9CgF2C0RU8NLp9rUCZY?authuser=0&hl=en&rclk=1","Rm Nya Lete'","4.6","$$","Restaurant","Jl. Jaksa Agung Suprapto No.23a","⋅ Opens 6 AM Mon","https://lh5.googleusercontent.com/p/AF1QipOxt4a4VCul-sx2prES7zFrWRPQp42KPtD3Lk5u=w80-h106-k-no"
"https://www.google.com/maps/place/Rujak+Soto+Bu+Sugik/data=!4m7!3m6!1s0x2dd802246a2fb21d:0x7bb908abbd16948f!8m2!3d-7.1607686!4d112.7227125!16s%2Fg%2F11bvvxzrnt!19sChIJHbIvaiQC2C0Rj5QWvasIuXs?authuser=0&hl=en&rclk=1","Rujak Soto Bu Sugik","4.4","$","Javanese restaurant","Jln. Fc. Forsa, RT.02/RW.03","⋅ Opens 8 AM Mon","https://lh5.googleusercontent.com/p/AF1QipO4KXExRrUHHCcw187synYKSY-BE6S8HPjkOGuC=w122-h92-k-no"
"https://www.google.com/maps/place/Nasi+Setan/data=!4m7!3m6!1s0x2dd80f63253d31db:0x84cd075ef1ae9396!8m2!3d-7.0221744!4d112.7500808!16s%2Fg%2F12qggss60!19sChIJ2zE9JWMP2C0RlpOu8V4HzYQ?authuser=0&hl=en&rclk=1","Nasi Setan","4.3","$","Restaurant","Jalan KH Abdul Muin No. 1, Jagalan","⋅ Closes 5 AM Mon","https://lh5.googleusercontent.com/p/AF1QipPdf1gRvj3NcwHM3_OPm5LBYj9Lp9B8UAj6Pu8Y=w163-h92-k-no"
"https://www.google.com/maps/place/Warung+Makan+MAWAR/data=!4m7!3m6!1s0x2dd803e0494b5461:0x502d1ea17ba1d20f!8m2!3d-7.1254027!4d112.7170169!16s%2Fg%2F11gg756n86!19sChIJYVRLSeAD2C0RD9Khe6EeLVA?authuser=0&hl=en&rclk=1","Warung Makan MAWAR","4.2","","Indonesian","VPF8+RRJ","⋅ Opens 8 AM Mon","https://lh5.googleusercontent.com/p/AF1QipO1dhCr2LmMysLCHxyXKIZ1GugYwjdohzkP-Oi3=w80-h106-k-no"
"https://www.google.com/maps/place/Warung+Degan+Bu+Citra/data=!4m7!3m6!1s0x2dd8016069c41583:0xe280376284f69e73!8m2!3d-7.1288764!4d112.7132284!16s%2Fg%2F11c600rl_n!19sChIJgxXEaWAB2C0Rc572hGI3gOI?authuser=0&hl=en&rclk=1","Warung Degan Bu Citra","4.3","","Restaurant","","⋅ 12 AM ⋅ Opens 7 AM Mon","https://lh5.googleusercontent.com/p/AF1QipMNjwfSQkVV_e6tcjZ0cNJlMEZgCpFF5hv7Y_XH=w122-h92-k-no"
"https://www.google.com/maps/place/Wisata+Kuliner+Rujak+Soto/data=!4m7!3m6!1s0x2dd80224539ca42b:0xb4cad49034884384!8m2!3d-7.1606534!4d112.7228425!16s%2Fg%2F11b6v7t5sk!19sChIJK6ScUyQC2C0RhEOINJDUyrQ?authuser=0&hl=en&rclk=1","Wisata Kuliner Rujak Soto","4.1","$","Soto restaurant","RPQF+P4P","⋅ Opens 8 AM Mon","https://lh5.googleusercontent.com/p/AF1QipPLc6euwLN6JIyrR7d5t9EAkb-nIt09uw-rrIM=w122-h92-k-no"
"https://www.google.com/maps/place/Waroeng+Ndeso+%22Prasmanan%22/data=!4m7!3m6!1s0x2dd8033fb9946ff3:0x74e241b7a5f45bd5!8m2!3d-7.1250174!4d112.7156239!16s%2Fg%2F11f8hmv29b!19sChIJ82-UuT8D2C0R1Vv0pbdB4nQ?authuser=0&hl=en&rclk=1","Waroeng Ndeso ""Prasmanan""","4.0","$","Buffet","","⋅ Closes 2 AM","https://lh5.googleusercontent.com/p/AF1QipMvLhgGm9bvX6379H3962OpAAFf85Kcn9dSOrZw=w184-h92-k-no"
"https://www.google.com/maps/place/Bebek+Sinjay+KM.+21Gedung+Baru/data=!4m7!3m6!1s0x2dd805995a2829eb:0xecbd0c5e67786379!8m2!3d-7.0437951!4d112.7781624!16s%2Fg%2F11jnr1j1y1!19sChIJ6ykoWpkF2C0ReWN4Z14Mvew?authuser=0&hl=en&rclk=1","Bebek Sinjay KM. 21Gedung Baru","4.5","$$","Diner","Jl. Raya Ketengan No.KM.21","⋅ Opens 7:30 AM Mon","https://lh5.googleusercontent.com/p/AF1QipO_4RqpWyArDTCNykB0RY_ZXtKdRIppQAC_OnmD=w122-h92-k-no"
"https://www.google.com/maps/place/Dapoer+Sedap/data=!4m7!3m6!1s0x2dd803cf5c11699b:0x284d04f6c281e477!8m2!3d-7.1254416!4d112.7191268!16s%2Fg%2F11ph3c80pr!19sChIJm2kRXM8D2C0Rd-SBwvYETSg?authuser=0&hl=en&rclk=1","Dapoer Sedap","4.5","","Restaurant","kode pos 69162 Jl. Telang Kampus UTM","⋅ Opens 6:30 AM Mon","https://lh5.googleusercontent.com/p/AF1QipOaAH6WDwS1GjV9IT9kuhGMlcuAlRfchiAHqZmM=w122-h92-k-no"
"https://www.google.com/maps/place/Bebek+Soponyono/data=!4m7!3m6!1s0x2dd802e971d03ba5:0x7c3ddf55e1b653cc!8m2!3d-7.1596821!4d112.7828239!16s%2Fg%2F11f12_5jnh!19sChIJpTvQcekC2C0RzFO24VXfPXw?authuser=0&hl=en&rclk=1","Bebek Soponyono","4.4","$$","Restaurant","Sekarbungoh","⋅ Opens 6 AM Mon","https://lh5.googleusercontent.com/p/AF1QipNwQU36TnqM35ToteHSCT4LfX_-vbR9vaOXfI1k=w163-h92-k-no"
"https://www.google.com/maps/place/Warung+suka+suka/data=!4m7!3m6!1s0x2dd803503bacbe49:0xde47a38428cd9d39!8m2!3d-7.1248463!4d112.7174335!16s%2Fg%2F11f9xbjxgp!19sChIJSb6sO1AD2C0ROZ3NKISjR94?authuser=0&hl=en&rclk=1","Warung suka suka","3.9","","Indonesian","VPG8+3X7, jl. universitas trunojoyo bangkalan madura","⋅ Opens 7 AM Mon","https://lh5.googleusercontent.com/p/AF1QipOk04z-aZlgE_ACP5YhCxSbxj-dS4dsEVZzsicr=w80-h106-k-no"
"https://www.google.com/maps/place/Warung+Sekull+Duck/data=!4m7!3m6!1s0x2dd802269972e8c5:0xd988a97ece528e1d!8m2!3d-7.1613006!4d112.7232742!16s%2Fg%2F11clgj6r7r!19sChIJxehymSYC2C0RHY5Szn6piNk?authuser=0&hl=en&rclk=1","Warung Sekull Duck","4.5","$","Restaurant","Jl. Sumbersari No.13","⋅ Opens 10 AM Mon","https://lh5.googleusercontent.com/p/AF1QipPmeREmbo1qLKaxQBpAiCHyPXkxKCAnFB5MVs9x=w80-h106-k-no"
"https://www.google.com/maps/place/Warung+Rampak+Naong/data=!4m7!3m6!1s0x2dd80214aeea89e7:0xa0d2a3b90fc51581!8m2!3d-7.1710956!4d112.7385911!16s%2Fg%2F12cpb6x3y!19sChIJ54nqrhQC2C0RgRXFD7mj0qA?authuser=0&hl=en&rclk=1","Warung Rampak Naong","4.4","$","Indonesian","RPHQ+HC8, Jalan Batu Rubuh, Kamal","⋅ Opens 9 AM Mon","https://lh5.googleusercontent.com/p/AF1QipO6nqALa3bNsP2NIrQ9mK4PnRoJOWEusCbtnl8C=w163-h92-k-no"
"https://www.google.com/maps/place/Warung+Nasi+Campur+%22Pocong%22/data=!4m7!3m6!1s0x2dd80f634d6f0117:0x642b2be94a22155!8m2!3d-7.021208!4d112.7521597!16s%2Fg%2F11dz5lqqnq!19sChIJFwFvTWMP2C0RVSGilL6yQgY?authuser=0&hl=en&rclk=1","Warung Nasi Campur ""Pocong""","4.4","$","Restaurant","XQH2+GV7","⋅ Closes 4 AM","https://lh5.googleusercontent.com/p/AF1QipMQpq-TbISWgXPjMmcAt-lkhiGKdlSLJPGtBNRc=w122-h92-k-no"
"https://www.google.com/maps/place/Rumah+Makan+Dapur+Ebu+99/data=!4m7!3m6!1s0x2dd803ce34653e17:0x3fd629a5ed474906!8m2!3d-7.125035!4d112.7172126!16s%2Fg%2F11f7971hcp!19sChIJFz5lNM4D2C0RBklH7aUp1j8?authuser=0&hl=en&rclk=1","Rumah Makan Dapur Ebu 99","4.4","$","Restaurant","Jl. Raya Telang","","https://lh5.googleusercontent.com/p/AF1QipOM9byVTjrc_-DGahhGgiNrlGmre0pTmbZuj9vg=w80-h106-k-no"
"https://www.google.com/maps/place/Ikan+Bakar+Warung+Matus/data=!4m7!3m6!1s0x2dd806165e2c0547:0x81dcef6819ee2360!8m2!3d-7.0452938!4d112.6814712!16s%2Fg%2F1pzttlhz1!19sChIJRwUsXhYG2C0RYCPuGWjv3IE?authuser=0&hl=en&rclk=1","Ikan Bakar Warung Matus","4.1","$$","Ikan bakar restaurant","XM3J+VHQ, Jl. Raya Sebilangan","⋅ Closes 5 AM Mon","https://lh5.googleusercontent.com/p/AF1QipPKTWDlMN6na9XV0EIYam80SeTOrKa6B5opJv_i=w122-h92-k-no"
"https://www.google.com/maps/place/Warung+Lalapan+Lamongan/data=!4m7!3m6!1s0x2dd8015fdb9e8613:0xd17f201ee3ad98f7!8m2!3d-7.1272049!4d112.7132779!16s%2Fg%2F11f15j465j!19sChIJE4ae218B2C0R95it4x4gf9E?authuser=0&hl=en&rclk=1","Warung Lalapan Lamongan","4.3","$","Javanese restaurant","VPF7+486","⋅ Opens 9 AM Mon","https://lh5.googleusercontent.com/p/AF1QipMeOi_kCvKFnGaCguof_VY-7khgEEnw73szNR_i=w163-h92-k-no"
"https://www.google.com/maps/place/Warung+makan+MADURASA/data=!4m7!3m6!1s0x2dd8033ec58d43c9:0xec9a72f7a242c56b!8m2!3d-7.1252946!4d112.7197063!16s%2Fg%2F11rr2jnk1n!19sChIJyUONxT4D2C0Ra8VCovdymuw?authuser=0&hl=en&rclk=1","Warung makan MADURASA","5.0","","Restaurant","Jl. Raya Telang No.81","","https://lh5.googleusercontent.com/p/AF1QipNLYfgOmwVMBc8c-5-iNjwzeFo73wBgduxLsjVY=w189-h92-k-no"
"https://www.google.com/maps/place/Nasi+Serpang/data=!4m7!3m6!1s0x2dd80587a0b7e4cb:0x635fc18dbfc6ad35!8m2!3d-7.0267571!4d112.7538536!16s%2Fg%2F11cnwjbh3f!19sChIJy-S3oIcF2C0RNa3Gv43BX2M?authuser=0&hl=en&rclk=1","Nasi Serpang","4.5","$$","Seafood","Jl. Trunojoyo No.21 B","⋅ Opens 5:30 AM Mon","https://lh5.googleusercontent.com/p/AF1QipOyIjPnCy6qGNHxn6fJ_xRdL7K74qSbgaEMruKy=w80-h106-k-no"
"https://www.google.com/maps/place/RM+Asia+Dua/data=!4m7!3m6!1s0x2dd803939f495b65:0x9e1c0dcab07d1c65!8m2!3d-7.1716534!4d112.7222054!16s%2Fg%2F11dxd2l_bk!19sChIJZVtJn5MD2C0RZRx9sMoNHJ4?authuser=0&hl=en&rclk=1","RM Asia Dua","4.1","$$","Indonesian","Jl. Raya Kamal No.11","⋅ Opens 7 AM Mon","https://lh5.googleusercontent.com/p/AF1QipNdH_HdyByhxPvPzMm4BObUFtn4guYO8rYnJ4Ze=w171-h92-k-no"
"https://www.google.com/maps/place/Lesehan+Gledek+Lanjeng/data=!4m7!3m6!1s0x2dd806094ff6b9b9:0x857b0ae1e01d8400!8m2!3d-7.0417948!4d112.7098994!16s%2Fg%2F11c3k2vx0b!19sChIJubn2TwkG2C0RAIQd4OEKe4U?authuser=0&hl=en&rclk=1","Lesehan Gledek Lanjeng","4.4","","Ikan bakar restaurant","","⋅ Opens 7 AM Mon","https://lh5.googleusercontent.com/p/AF1QipOne4vpHrNwARdKda4sf3DC8ZUY7_KQM9qYgiv2=w184-h92-k-no"
"https://www.google.com/maps/place/Warung+Bu+Sami%27a/data=!4m7!3m6!1s0x2dd80161b3b1d6cd:0x1ce2381f3c4124d2!8m2!3d-7.1304199!4d112.7132118!16s%2Fg%2F11cmxty_3q!19sChIJzdaxs2EB2C0R0iRBPB844hw?authuser=0&hl=en&rclk=1","Warung Bu Sami'a","4.4","$","Restaurant","VP97+R7P, Tim., Kamal, Kabupaten Bangkalan, Jawa","⋅ Opens 6 AM Mon","https://lh5.googleusercontent.com/p/AF1QipNXnSnHdEIpWgHyOdx9cSoqoj6mTPiyoJCHuXSN=w80-h106-k-no"
"https://www.google.com/maps/place/Warung+Mas+Adie/data=!4m7!3m6!1s0x2dd80162f3832dff:0xa45fd5a64dafeb17!8m2!3d-7.1357579!4d112.7135188!16s%2Fg%2F11f77xp8m0!19sChIJ_y2D82IB2C0RF-uvTabVX6Q?authuser=0&hl=en&rclk=1","Warung Mas Adie","4.7","","Brunch","VP77+MCR","⋅ Opens 9 AM Mon","https://lh5.googleusercontent.com/p/AF1QipOcjxMDs58tTznkehlbmCYo_pSTc_gmzKDxyJVR=w80-h106-k-no"
"https://www.google.com/maps/place/Rumah+Makan+Moro+Kangen/data=!4m7!3m6!1s0x2dd80227d2c7c331:0xe166b623257100ca!8m2!3d-7.1581002!4d112.7181253!16s%2Fg%2F11fyx5gvps!19sChIJMcPH0icC2C0RygBxJSO2ZuE?authuser=0&hl=en&rclk=1","Rumah Makan Moro Kangen","3.8","","Bakso restaurant","RPR9+Q72, Jl. Raya Kamal","⋅ Opens 11 AM Mon","https://lh5.googleusercontent.com/p/AF1QipN506ojZrrS9ns4yuKi4UcVXwGA6coSP30knb4w=w122-h92-k-no"
"https://www.google.com/maps/place/Warung+Makan+Trunojoyo/data=!4m7!3m6!1s0x2dd803742908dc03:0x8b413da10a68350!8m2!3d-7.125388!4d112.7176739!16s%2Fg%2F11tt5fffyy!19sChIJA9wIKXQD2C0RUIOmENoTtAg?authuser=0&hl=en&rclk=1","Warung Makan Trunojoyo","","","Restaurant","VPF9+R3V","","https://lh5.googleusercontent.com/p/AF1QipM1Moq9R7Xwc6CERqHSseorqtVH6IChPIxx7pgl=w204-h92-k-no"
"https://www.google.com/maps/place/Warung+Rujak+Soto+Apalah-Apalah/data=!4m7!3m6!1s0x2dd8036341714275:0x3bc0ad87b62e4cbc!8m2!3d-7.1610521!4d112.7247003!16s%2Fg%2F11g1tznw5t!19sChIJdUJxQWMD2C0RvEwutoetwDs?authuser=0&hl=en&rclk=1","Warung Rujak Soto Apalah-Apalah","4.0","","Soto restaurant","Jl. Sumbersari Kamal","⋅ Opens 9 AM Mon","https://lh5.googleusercontent.com/p/AF1QipNm_9E6m-kGjh8bst3XzGOqHfKBgK0lgF1cz8og=w122-h92-k-no"
"https://www.google.com/maps/place/Nasi+Usus+Umi%27+Nur/data=!4m7!3m6!1s0x2dd8022ed62f3411:0x6e7bbf5715560bd7!8m2!3d-7.1548032!4d112.7217023!16s%2Fg%2F11fylk4pjg!19sChIJETQv1i4C2C0R1wtWFVe_e24?authuser=0&hl=en&rclk=1","Nasi Usus Umi' Nur","4.4","","Brunch","RPWC+3MG","⋅ Opens 6 AM Mon","https://lh5.googleusercontent.com/p/AF1QipOZWKpif_JLTy3VZHGnw-Ck6uHEGvWGdu7td-yC=w80-h106-k-no"
"https://www.google.com/maps/place/Rumah+Makan+La+Tansa/data=!4m7!3m6!1s0x2dd803b940fda395:0xf97b960a03196cd6!8m2!3d-7.1253388!4d112.7207941!16s%2Fg%2F11fj0tbcl8!19sChIJlaP9QLkD2C0R1mwZAwqWe_k?authuser=0&hl=en&rclk=1","Rumah Makan La Tansa","5.0","","Diner","VPFC+V87","⋅ Opens 7 AM Mon","https://lh5.googleusercontent.com/p/AF1QipNusPuXTTqf0uaNgyc8B2BNF6IH_SrgJ_oUdI8C=w80-h106-k-no"
"https://www.google.com/maps/place/Long+gledhek/data=!4m7!3m6!1s0x2dd807ab29ec9483:0xdf51b9efd2e1145d!8m2!3d-7.0416552!4d112.7114044!16s%2Fg%2F11lhgb2k8d!19sChIJg5TsKasH2C0RXRTh0u-5Ud8?authuser=0&hl=en&rclk=1","Long gledhek","4.2","","Indonesian","","⋅ Opens 7 AM Mon","https://lh5.googleusercontent.com/p/AF1QipOnUacBrWQ9MuznAVjdlsNRrHMovzyGh-sh-2vZ=w80-h106-k-no"
"https://www.google.com/maps/place/Warung+Bunda/data=!4m7!3m6!1s0x2dd801924771e4c9:0xa5eefe8eb7f8ab06!8m2!3d-7.1292545!4d112.7130518!16s%2Fg%2F11rk8s67vr!19sChIJyeRxR5IB2C0RBqv4t47-7qU?authuser=0&hl=en&rclk=1","Warung Bunda","4.5","","Diner","VPC7+76V, Jl. Raya Kamal","","https://lh5.googleusercontent.com/p/AF1QipMq01XZQ_NGP1iAe96TegDPV3zLggTePZrveU3L=w122-h92-k-no"
"https://www.google.com/maps/place/Tenda+Makan+Febri+Jaya/data=!4m7!3m6!1s0x2dd805931db83bf5:0x7133cb43d80c1117!8m2!3d-7.0385178!4d112.7410184!16s%2Fg%2F11bzrlh3qn!19sChIJ9Tu4HZMF2C0RFxEM2EPLM3E?authuser=0&hl=en&rclk=1","Tenda Makan Febri Jaya","4.5","","Indonesian","XP6R+HCR, Jl. Kamal - Kalianget","⋅ Opens 1 PM Mon","https://lh5.googleusercontent.com/p/AF1QipMObFs9n8LubAcQdlpkccH8zQe_GyuSyl9rf_Ed=w163-h92-k-no"
"https://www.google.com/maps/place/Warung+Mbak+Watik/data=!4m7!3m6!1s0x2dd8022f2ff0d961:0xf438655f4298a768!8m2!3d-7.155431!4d112.7218891!16s%2Fg%2F11c50ndqx_!19sChIJYdnwLy8C2C0RaKeYQl9lOPQ?authuser=0&hl=en&rclk=1","Warung Mbak Watik","4.1","","Javanese restaurant","RPVC+RQC","","https://lh5.googleusercontent.com/p/AF1QipN-QtQYi-cQX89xTjIWcI9ORfRmLqTpCFyFnk-g=w80-h106-k-no"
"https://www.google.com/maps/place/Warung+Mbok+Mat+Rujak+Soto/data=!4m7!3m6!1s0x2dd8022682e16967:0xae6e67cbbcd0776e!8m2!3d-7.1604458!4d112.7210053!16s%2Fg%2F11c6qbnrdf!19sChIJZ2nhgiYC2C0RbnfQvMtnbq4?authuser=0&hl=en&rclk=1","Warung Mbok Mat Rujak Soto","4.6","","Javanese restaurant","RPQC+RCC","⋅ Opens 9 AM Mon","https://lh5.googleusercontent.com/p/AF1QipObVBzaIqt1qxPASEh5osK4Z3Vt2uxY_4XcZ8xZ=w80-h106-k-no"
"https://www.google.com/maps/place/Warung+makan+singgani/data=!4m7!3m6!1s0x2dd805cc57747449:0xe5caff5b52c715a6!8m2!3d-7.0305639!4d112.7602588!16s%2Fg%2F11c606qmdq!19sChIJSXR0V8wF2C0RphXHUlv_yuU?authuser=0&hl=en&rclk=1","Warung makan singgani","4.7","","Pecel lele restaurant","Jl. Pemuda Kaffa No.22","⋅ Opens 12 PM Mon","https://lh5.googleusercontent.com/p/AF1QipNuQpNuA9wi-O3tXQzy7PznbSzTP6bpE7U_By7V=w92-h92-k-no"
"https://www.google.com/maps/place/Warung+Tenda+Ayu/data=!4m7!3m6!1s0x2dd805f4663b052b:0xf5d115eb514e378c!8m2!3d-7.0286044!4d112.7503427!16s%2Fg%2F11gr635ptn!19sChIJKwU7ZvQF2C0RjDdOUesV0fU?authuser=0&hl=en&rclk=1","Warung Tenda Ayu","4.5","","Diner","XQC2+H44","⋅ Opens 8 AM Mon","https://lh5.googleusercontent.com/p/AF1QipP63kygxSV1wLKSZPM5AdW6dMczkaUdOV-zdOaU=w122-h92-k-no"
"https://www.google.com/maps/place/Warung+Nasi+Serpang/data=!4m7!3m6!1s0x2dd80f7bba08cc75:0x6086df0f9a481931!8m2!3d-7.0184673!4d112.7551048!16s%2Fg%2F11b6d0k85_!19sChIJdcwIunsP2C0RMRlImg_fhmA?authuser=0&hl=en&rclk=1","Warung Nasi Serpang","4.2","$$","Nasi restaurant","Jl. Kh Lemah Duwur Gg. V No.7","⋅ Opens 8 AM Mon","https://lh5.googleusercontent.com/p/AF1QipP9KiXH7-GwgaWoj2iB9AT5-osyMy6333gMQRAg=w83-h92-k-no"
"https://www.google.com/maps/place/Kuliner+Khas+Sewel+Socah/data=!4m7!3m6!1s0x2dd806a36a271a45:0x7893122275ba7ea4!8m2!3d-7.0919957!4d112.7049084!16s%2Fg%2F11bt_jjvhy!19sChIJRRonaqMG2C0RpH66dSISk3g?authuser=0&hl=en&rclk=1","Kuliner Khas Sewel Socah","4.4","$","Pempek restaurant","Jalan Raya Socah Kec","⋅ Opens 8 AM Mon","https://lh5.googleusercontent.com/p/AF1QipOqIN9G6yB7skYPmQB4JAjUZn6ukchK5-yKjeNj=w163-h92-k-no"
"https://www.google.com/maps/place/Warung+Mbok+Naimah/data=!4m7!3m6!1s0x2dd80301124646d7:0xac23c56512e107f8!8m2!3d-7.1375741!4d112.762709!16s%2Fg%2F11cs9t5z52!19sChIJ10ZGEgED2C0R-AfhEmXFI6w?authuser=0&hl=en&rclk=1","Warung Mbok Naimah","3.7","","Diner","VQ67+X3G, Jalan Raya","⋅ Opens 7 AM Mon","https://lh5.googleusercontent.com/p/AF1QipN-MUzKBwjLt8Qcto_budkOPoAJE2CVJDOFm6Yh=w163-h92-k-no"
"https://www.google.com/maps/place/RUMAH+MAKAN/data=!4m7!3m6!1s0x2dd8051656cc6de1:0x9ac8b7047dcb7492!8m2!3d-7.0506538!4d112.7841068!16s%2Fg%2F11f3vkrrny!19sChIJ4W3MVhYF2C0RknTLfQS3yJo?authuser=0&hl=en&rclk=1","RUMAH MAKAN","4.3","","Padang restaurant","WQXM+PJQ, Jl. Pancar Selatan","⋅ Closes 8 AM Mon","https://lh5.googleusercontent.com/p/AF1QipMf3SStdjY7Bg6oZTmnusINBujaHq28LVzEVoTt=w80-h106-k-no"
"https://www.google.com/maps/place/Warung+Pojok+Bu+Lis/data=!4m7!3m6!1s0x2dd803e05b8cf3a1:0x2daf6c375b402c68!8m2!3d-7.1255154!4d112.7204214!16s%2Fg%2F11f1vl2l6w!19sChIJofOMW-AD2C0RaCxAWzdsry0?authuser=0&hl=en&rclk=1","Warung Pojok Bu Lis","4.7","","Javanese restaurant","VPFC+Q5V","⋅ Opens 6 AM Mon","https://streetviewpixels-pa.googleapis.com/v1/thumbnail?panoid=-Kuh2PEWUHZcijg2xvWa0Q&cb_client=search.gws-prod.gps&w=80&h=92&yaw=48.13115&pitch=0&thumbfov=100"
"https://www.google.com/maps/place/Soto+Abas+Unijoyo/data=!4m7!3m6!1s0x2dd8035f950e7e51:0x90b41d66e5b4a8b!8m2!3d-7.1254488!4d112.7241442!16s%2Fg%2F11rr1qklvq!19sChIJUX4OlV8D2C0Ri0pbbtZBCwk?authuser=0&hl=en&rclk=1","Soto Abas Unijoyo","2.7","","Restaurant","VPFF+RMC, Jalan Raya","","https://lh5.googleusercontent.com/p/AF1QipNT564Qr7dXidIf-qtNP2wMFpoJVEbJCIRG1wmk=w80-h142-k-no"
"https://www.google.com/maps/place/Warung+Makan+Sumber+Rizky/data=!4m7!3m6!1s0x2dd804d8e58ff61f:0xaa54029918f7eac6!8m2!3d-7.065173!4d112.7947246!16s%2Fg%2F11hd4xxpng!19sChIJH_aP5dgE2C0Rxur3GJkCVKo?authuser=0&hl=en&rclk=1","Warung Makan Sumber Rizky","4.4","$$","Restaurant","WQMV+WVQ","⋅ Opens 6 AM Mon","https://lh5.googleusercontent.com/p/AF1QipOjyHZi6gV8etnhgr9hRFp81b1j9P0UTcu56sSJ=w122-h92-k-no"
"https://www.google.com/maps/place/Sahabat+Selera/data=!4m7!3m6!1s0x2dd80f9dee0e8eab:0x53f61f16cbfbef55!8m2!3d-7.0106118!4d112.7636572!16s%2Fg%2F1pzqwl45j!19sChIJq44O7p0P2C0RVe_7yxYf9lM?authuser=0&hl=en&rclk=1","Sahabat Selera","4.2","","Chicken","XQQ7+QF3, Jl. Raya Bancaran","⋅ 12 AM ⋅ Opens 5 PM Mon","https://lh5.googleusercontent.com/p/AF1QipMhzPS3dbn8zz3zsRlf0vp67o-kMwo4gZse2RzK=w163-h92-k-no"
"https://www.google.com/maps/place/Warung+Mbak+Lilis/data=!4m7!3m6!1s0x2dd8032e44ea2c81:0x97b3af61e384e0c4!8m2!3d-7.1527246!4d112.7163202!16s%2Fg%2F11gtymmm0m!19sChIJgSzqRC4D2C0RxOCE42Gvs5c?authuser=0&hl=en&rclk=1","Warung Mbak Lilis","4.0","","Diner","RPW8+WG8, Jl. Trunojoyo","⋅ Opens 7 AM Mon","https://streetviewpixels-pa.googleapis.com/v1/thumbnail?panoid=XJY3qEAMq4-Z47Bq9F5mxA&cb_client=search.gws-prod.gps&w=80&h=92&yaw=72.00497&pitch=0&thumbfov=100"
"https://www.google.com/maps/place/Warung+Lesehan+Nusa+Indah/data=!4m7!3m6!1s0x2dd805927b2dc465:0x78ce4e83c39fb608!8m2!3d-7.0364688!4d112.7425673!16s%2Fg%2F1hm2tr232!19sChIJZcQte5IF2C0RCLafw4NOzng?authuser=0&hl=en&rclk=1","Warung Lesehan Nusa Indah","3.9","","Javanese restaurant","Jl. KHM. Kholil No.105","⋅ Opens 11 AM Mon","https://lh5.googleusercontent.com/p/AF1QipMLka1DTULXDr1E6c1Lw1vjkO3N9JnoPTaGaQhu=w122-h92-k-no"
"https://www.google.com/maps/place/Balado+Family+Restoran+-+Bangkalan/data=!4m7!3m6!1s0x2dd805744a6fc9d5:0xfff07d1b40759b6d!8m2!3d-7.0386062!4d112.7406572!16s%2Fg%2F11s34jjn7q!19sChIJ1clvSnQF2C0RbZt1QBt98P8?authuser=0&hl=en&rclk=1","Balado Family Restoran - Bangkalan","4.7","","Family-friendly","Jl. KH. Zainal Alim","⋅ Opens 7 AM Mon","https://lh5.googleusercontent.com/p/AF1QipOhY15edkN5xuQqj_tNcAD2uDg9VUe0kHQn4aWw=w163-h92-k-no"
"https://www.google.com/maps/place/warung+TeSoMad/data=!4m7!3m6!1s0x2dd802e7b39ac9df:0xddc71e14485451d5!8m2!3d-7.1525452!4d112.7839477!16s%2Fg%2F11csr0sf34!19sChIJ38mas-cC2C0R1VFUSBQex90?authuser=0&hl=en&rclk=1","warung TeSoMad","4.2","","Indonesian","madura, Accessroad Suramadu sisi Madura","⋅ Opens 9 AM Mon","https://lh5.googleusercontent.com/p/AF1QipNSX4BzrBTpH7xQvVF9I9roQk_R80HZnvBFuivB=w122-h92-k-no"
"https://www.google.com/maps/place/Rumah+makan+Ikan+Bakar+Gurame+%26+Nasi/data=!4m7!3m6!1s0x2dd805851ef9423b:0x134809648679bc93!8m2!3d-7.0426986!4d112.7173867!16s%2Fg%2F11smksn_z_!19sChIJO0L5HoUF2C0Rk7x5hmQJSBM?authuser=0&hl=en&rclk=1","Rumah makan Ikan Bakar Gurame & Nasi","4.7","","Family-friendly","XP48+WXC","⋅ Opens 7 AM Mon","https://lh5.googleusercontent.com/p/AF1QipOv4jctFDeuZ-O5fRCPaolV1FEmDc59EgPpSz9T=w92-h92-k-no"
"https://www.google.com/maps/place/BEBEK+goreng+cabang+PURNAMA+UTM+Kamal+Bangkalan/data=!4m7!3m6!1s0x2dd803f212c069e7:0xc336034a31dbe607!8m2!3d-7.1253541!4d112.722684!16s%2Fg%2F11smhcgqtw!19sChIJ52nAEvID2C0RB-bbMUoDNsM?authuser=0&hl=en&rclk=1","BEBEK goreng cabang PURNAMA UTM Kamal Bangkalan","5.0","","Nasi restaurant","VPFF+R4W","","https://lh5.googleusercontent.com/p/AF1QipOEjNWioiq-AC-nfSovfnm2akZmLFDt8ZtLFHHm=w163-h92-k-no"
"https://www.google.com/maps/place/Warung+Sapa+Kira/data=!4m7!3m6!1s0x2dd80226c239b5cd:0xc33f73cc995a547f!8m2!3d-7.161113!4d112.7192231!16s%2Fg%2F11b6dfklk6!19sChIJzbU5wiYC2C0Rf1RamcxzP8M?authuser=0&hl=en&rclk=1","Warung Sapa Kira","4.0","","Indonesian","RPQ9+HM5, Jl. Kusuma Bangsa","⋅ Opens 8 AM Mon","https://lh5.googleusercontent.com/p/AF1QipPSEAqQI67S7tBghNDP7HYl-fQKE8fU6RUjy4KG=w163-h92-k-no"
"https://www.google.com/maps/place/Warung+APKL+Bang+To/data=!4m7!3m6!1s0x2dd805ed5c624a4b:0x5db06226013e0d64!8m2!3d-7.0381057!4d112.7391612!16s%2Fg%2F11hbkgmhhv!19sChIJS0piXO0F2C0RZA0-ASZisF0?authuser=0&hl=en&rclk=1","Warung APKL Bang To","4.6","","Restaurant","Jl. KH. Zainal Alim","⋅ Opens 9 AM Mon","https://lh5.googleusercontent.com/p/AF1QipMqNMmA5CuGsctE_BYPN7fcueveFeMD9zfOrHed=w80-h106-k-no"
"https://www.google.com/maps/place/Warung+Barokah/data=!4m7!3m6!1s0x2dd803e7091c2bc9:0x35d134de133df6a2!8m2!3d-7.125402!4d112.7238957!16s%2Fg%2F11g4j6g2d2!19sChIJySscCecD2C0RovY9E9400TU?authuser=0&hl=en&rclk=1","Warung Barokah","4.5","","Restaurant","VPFF+RHJ","","https://lh5.googleusercontent.com/p/AF1QipNlD3G2t44y8HPhOTLXTzRiutppQSJEHcU6fkAz=w80-h142-k-no"
"https://www.google.com/maps/place/Soto+Ayam+Seger+%26+Nasi+Pecel+%22NYAMAN%22/data=!4m7!3m6!1s0x2dd803f8af41024f:0x1fc2a0bf8f7a11e2!8m2!3d-7.1252802!4d112.718156!16s%2Fg%2F11hf4wj9cr!19sChIJTwJBr_gD2C0R4hF6j7-gwh8?authuser=0&hl=en&rclk=1","Soto Ayam Seger & Nasi Pecel ""NYAMAN""","4.5","","Soto restaurant","VPF9+V8V, Jalan raya Jl. Raya Telang No.unijoyo 33","⋅ Opens 6:30 AM Mon","https://lh5.googleusercontent.com/p/AF1QipM_PPwGjDLS6GKQoCzBHu3RbH8rQIiBc3FaSgI=w122-h92-k-no"
"https://www.google.com/maps/place/Warung+Sederhana/data=!4m7!3m6!1s0x2dd8021a3589cc2f:0x86a33950337018aa!8m2!3d-7.1735711!4d112.7244236!16s%2Fg%2F11g6m2hkvv!19sChIJL8yJNRoC2C0RqhhwM1A5o4Y?authuser=0&hl=en&rclk=1","Warung Sederhana","4.4","","Diner","Jl. Raya Kamal","⋅ Opens 8 AM Mon","https://lh5.googleusercontent.com/p/AF1QipNrIIyy7dZfxTW02lU6cycVC5IW7t89CvxjlGFC=w80-h142-k-no"
"https://www.google.com/maps/place/Warung+Bude/data=!4m7!3m6!1s0x2dd8033a4b3e7fed:0x8455347750949d02!8m2!3d-7.1562933!4d112.7230844!16s%2Fg%2F11g1ml4ygd!19sChIJ7X8-SzoD2C0RAp2UUHc0VYQ?authuser=0&hl=en&rclk=1","Warung Bude","5.0","","Indonesian","RPVF+F6P, Unnamed Road","","https://streetviewpixels-pa.googleapis.com/v1/thumbnail?panoid=B0nAz-WzVh33eh0Fn7V8ow&cb_client=search.gws-prod.gps&w=80&h=92&yaw=257.5959&pitch=0&thumbfov=100"
"https://www.google.com/maps/place/Dapur+anugrah+gembul/data=!4m7!3m6!1s0x2dd803e20974a891:0x8008819dd774c51f!8m2!3d-7.1351401!4d112.7171189!16s%2Fg%2F11sprmh91s!19sChIJkah0CeID2C0RH8V0152BCIA?authuser=0&hl=en&rclk=1","Dapur anugrah gembul","","","Restaurant","Perumahan griya anugrah, Blk. C1 No.10","","https://lh5.googleusercontent.com/p/AF1QipMCUiUiAKnBOF3LR5mOsty26afS5px4mzIBhaA=w80-h173-k-no"
"https://www.google.com/maps/place/Depot+Cinta/data=!4m7!3m6!1s0x2dd80103b16d43e3:0xae40b755c1b29eac!8m2!3d-7.1251435!4d112.7131733!16s%2Fg%2F11f7b47gww!19sChIJ40NtsQMB2C0RrJ6ywVW3QK4?authuser=0&hl=en&rclk=1","Depot Cinta","4.2","","Diner","VPF7+W7V, Jl. Trunojoyo","⋅ Opens 7:30 AM Mon","https://lh5.googleusercontent.com/p/AF1QipMx8V-iOvTvGGNZiVrimDQdD_BWJD9eoWkkVIvu=w163-h92-k-no"
"https://www.google.com/maps/place/Nasi+Campur/data=!4m7!3m6!1s0x2dd8015fa61f5fa7:0xe518a501236c0e03!8m2!3d-7.1254254!4d112.7129546!16s%2Fg%2F1hm35t3mw!19sChIJp18fpl8B2C0RAw5sIwGlGOU?authuser=0&hl=en&rclk=1","Nasi Campur","3.8","","Diner","VPF7+R5G, Jl. Trunojoyo","⋅ Opens 8 AM Mon","https://lh5.googleusercontent.com/p/AF1QipPjMUORtkLrV7YHsPXDuGaSuDoBLPLDAqF1fZdQ=w122-h92-k-no"
"https://www.google.com/maps/place/Warung+Makan+Mas+Broo/data=!4m7!3m6!1s0x2dd8033cf72c9e03:0x29c05279a39cf1c7!8m2!3d-7.168268!4d112.7217462!16s%2Fg%2F11sxvwcdgk!19sChIJA54s9zwD2C0Rx_Gco3lSwCk?authuser=0&hl=en&rclk=1","Warung Makan Mas Broo","","","Brunch","Bedak Utara Perumahan, Jl. Pjka No.16, RT.01/RW.01","⋅ Opens 7 AM Mon","https://lh5.googleusercontent.com/p/AF1QipMCFZpCG1DmIS4h-9PFGr6yo68N155UwsI4o4yv=w122-h92-k-no"
"https://www.google.com/maps/place/Rumah+makan+resto+kembar/data=!4m7!3m6!1s0x2dd805fab8110677:0xfb25c6070c525e5!8m2!3d-7.0929185!4d112.7587748!16s%2Fg%2F11mjr0g8g1!19sChIJdwYRuPoF2C0R5SXFcGBcsg8?authuser=0&hl=en&rclk=1","Rumah makan resto kembar","5.0","","Restaurant","WQ45+RGJ, Jalan Parseh Selatan","","https://lh5.googleusercontent.com/p/AF1QipMu5oKMkVzKnUSVVdRu5rH_xqq9FNnKKINxr2th=w113-h92-k-no"
"https://www.google.com/maps/place/Rujak+Soto+Erlina/data=!4m7!3m6!1s0x2dd803fca5697cbf:0xf4f1d579355088fb!8m2!3d-7.1616194!4d112.7252308!16s%2Fg%2F11gh_4l4hh!19sChIJv3xppfwD2C0R-4hQNXnV8fQ?authuser=0&hl=en&rclk=1","Rujak Soto Erlina","4.9","","Soto restaurant","RPQG+935, Unnamed Road","⋅ Opens 8 AM Mon","https://lh5.googleusercontent.com/p/AF1QipN63gwq4B0FdyjiwASAQ6JmTbZ5A0SCo4Cr_Upi=w184-h92-k-no"
"https://www.google.com/maps/place/Warung+Sewel+Bu+Fat/data=!4m7!3m6!1s0x2dd8021bbb887b1f:0x4e1a2a32a6f9aa72!8m2!3d-7.1738551!4d112.72295!16s%2Fg%2F11bxg5_7h4!19sChIJH3uIuxsC2C0Rcqr5pjIqGk4?authuser=0&hl=en&rclk=1","Warung Sewel Bu Fat","4.5","$","Restaurant","RPGF+F54, Jalan Pesisir Pantai Kejawan","⋅ Opens 10 AM Mon","https://lh5.googleusercontent.com/p/AF1QipNVZa1l8_SGWmGuE84z7k1hyE2QbZA8vGgZRHs8=w80-h106-k-no"
"https://www.google.com/maps/place/Nasi+Bebek+Sinjay+Madura/data=!4m7!3m6!1s0x2dd8053928f2391b:0xd403e0e488f3cc5b!8m2!3d-7.03142!4d112.7521388!16s%2Fg%2F11h5ryg4nq!19sChIJGznyKDkF2C0RW8zziOTgA9Q?authuser=0&hl=en&rclk=1","Nasi Bebek Sinjay Madura","4.5","","Restaurant","Jl. Mayjen Sungkono Gg. I No.5, RT.2/RW.06","⋅ Opens 9 AM Mon","https://lh5.googleusercontent.com/p/AF1QipPVOEL3xFVdMYgu3brz6fbRZ3cNOK_ciKU21zA=w80-h106-k-no"
"https://www.google.com/maps/place/Aladdin+Resto+%26+Cafe/data=!4m7!3m6!1s0x2dd805740e73e0ed:0xd238781fadfc1d72!8m2!3d-7.0433832!4d112.7378024!16s%2Fg%2F11fqc8cqcz!19sChIJ7eBzDnQF2C0Rch38rR94ONI?authuser=0&hl=en&rclk=1","Aladdin Resto & Cafe","4.3","$$","Restaurant","Jl. Soekarno Hatta No.8","⋅ Opens 9 AM Mon","https://lh5.googleusercontent.com/p/AF1QipOc46VsRUQNseBwZIGvL8BGMI-NVFhAUAF1kFr1=w163-h92-k-no"
"https://www.google.com/maps/place/Eat+Corner/data=!4m7!3m6!1s0x2dd80555cf63b9c1:0x9bbd186eb094e912!8m2!3d-7.0382207!4d112.7411887!16s%2Fg%2F11h5vhmrwl!19sChIJwbljz1UF2C0REumUsG4YvZs?authuser=0&hl=en&rclk=1","Eat Corner","4.2","","Restaurant","Radja Cell Utara Lampu Merah, Jl. KH. Mohamad Kholil","⋅ Opens 10 AM Mon","https://lh5.googleusercontent.com/p/AF1QipPEc1zobHmCITDmVKVQLVlExlIVJXT0WPkK1hJM=w80-h106-k-no"
"https://www.google.com/maps/place/Rumah+Makan+Masakan+Padang/data=!4m7!3m6!1s0x2dd8059341a19b87:0x1541541e3393f1a5!8m2!3d-7.0399638!4d112.740433!16s%2Fg%2F1hm2msncf!19sChIJh5uhQZMF2C0RpfGTMx5UQRU?authuser=0&hl=en&rclk=1","Rumah Makan Masakan Padang","4.5","","Padang restaurant","Jl. Raya Teuku Umar 69151 No.1, RT.01","⋅ Opens 9 AM Mon","https://lh5.googleusercontent.com/p/AF1QipOvaSTq4DG8jiFOOGfsmZfWTv6EAuRtpahgGkvm=w163-h92-k-no"
"https://www.google.com/maps/place/Warung+Bu/data=!4m7!3m6!1s0x2dd803e696e962c9:0xd56733881c963945!8m2!3d-7.1619491!4d112.7279109!16s%2Fg%2F11q1v7wv29!19sChIJyWLpluYD2C0RRTmWHIgzZ9U?authuser=0&hl=en&rclk=1","Warung Bu","5.0","","Nasi restaurant","RPQH+65F","","https://lh5.googleusercontent.com/p/AF1QipOGQgRuK91af_8RksgIUugt9FlYvbaO77RVDEOK=w80-h173-k-no"
"https://www.google.com/maps/place/Warung+Emak/data=!4m7!3m6!1s0x2dd8037a73b383db:0x7de4acd37e0328e!8m2!3d-7.1564759!4d112.7230901!16s%2Fg%2F11gjhb37zy!19sChIJ24Ozc3oD2C0RjjLgN81K3gc?authuser=0&hl=en&rclk=1","Warung Emak","4.7","","Restaurant","RPVF+C64","⋅ Opens 10 AM Mon","https://lh5.googleusercontent.com/p/AF1QipMKN28T-IIxI_jqSknqxTD8VQJ5ikhsIamn-Ovs=w80-h106-k-no"
"https://www.google.com/maps/place/Warung+Syahril/data=!4m7!3m6!1s0x2dd80324da10ddad:0xd8de8f3c4934d1d0!8m2!3d-7.1250253!4d112.7129852!16s%2Fg%2F11g1vf58b7!19sChIJrd0Q2iQD2C0R0NE0STyP3tg?authuser=0&hl=en&rclk=1","Warung Syahril","4.0","","Diner","Jl. Raya Telang No.12","⋅ 12 AM ⋅ Opens 11 AM Mon","https://streetviewpixels-pa.googleapis.com/v1/thumbnail?panoid=xjUG7MmCsB6HWD4vkadHiw&cb_client=search.gws-prod.gps&w=80&h=92&yaw=260.68475&pitch=0&thumbfov=100"
"https://www.google.com/maps/place/Warung+Penyetan+SEDAP+MALAM/data=!4m7!3m6!1s0x2dd8021924225e15:0x6184f8d677500b97!8m2!3d-7.1702923!4d112.7222468!16s%2Fg%2F11ddxx_r54!19sChIJFV4iJBkC2C0RlwtQd9b4hGE?authuser=0&hl=en&rclk=1","Warung Penyetan SEDAP MALAM","4.3","","Nasi goreng restaurant","RPHC+VVQ","⋅ Closes 1 AM","https://lh5.googleusercontent.com/p/AF1QipOCaM_E-HUumXnioQgkSxVwP_udg7VskdZ6gahY=w163-h92-k-no"
"https://www.google.com/maps/place/Bakso+Solo+21+Cabang+Skepay+Kwanyar/data=!4m7!3m6!1s0x2dd80221f881244d:0xb79f34cfe32f0084!8m2!3d-7.1669877!4d112.7211813!16s%2Fg%2F11c67xmx7b!19sChIJTSSB-CEC2C0RhAAv4880n7c?authuser=0&hl=en&rclk=1","Bakso Solo 21 Cabang Skepay Kwanyar","4.3","$","Bakso restaurant","RPMC+6F3, Jl. Raya Kamal","⋅ Opens 9 AM Mon","https://lh5.googleusercontent.com/p/AF1QipNpVCutkyZFJ2H7g0PDr31DEMZB9O6yJR5dcKoP=w122-h92-k-no"
"https://www.google.com/maps/place/Warung+Citra+Rasa,/data=!4m7!3m6!1s0x2dd80226f9d6a561:0x4b75297db553887!8m2!3d-7.1665565!4d112.7210931!16s%2Fg%2F11ckpy3bk2!19sChIJYaXW-SYC2C0RhzhV25dStwQ?authuser=0&hl=en&rclk=1","Warung Citra Rasa,","4.6","","Soto ayam restaurant","RPMC+9CG, Jl. Trunojoyo","⋅ Opens 4:15 PM Mon","https://lh5.googleusercontent.com/p/AF1QipNDHxJst7llwKwJsZqRa7JoRkjq_gD11DAxnsZN=w163-h92-k-no"
"https://www.google.com/maps/place/Rujak+%22+NARUTO+BOK+IT+%22/data=!4m7!3m6!1s0x2dd80334398be435:0x19ad5f4a88a0a9d5!8m2!3d-7.1599932!4d112.7238099!16s%2Fg%2F11rb3sg2w7!19sChIJNeSLOTQD2C0R1amgiEpfrRk?authuser=0&hl=en&rclk=1","Rujak "" NARUTO BOK IT ""","4.9","","Brunch","RPRF+2G3, Jl. Taloon Permai, Kamaltalon BLOK K","","https://lh5.googleusercontent.com/p/AF1QipOti2iaG_eFwboBtXQ7nyW9wOgp3OPv44zzQ5gz=w80-h142-k-no"
"https://www.google.com/maps/place/Warung+Sambal+Dadak+Trunojoyo/data=!4m7!3m6!1s0x2dd803c4fc08cc03:0x7531158b8cc4cb4c!8m2!3d-7.1253773!4d112.7164388!16s%2Fg%2F11s9xmmc4c!19sChIJA8wI_MQD2C0RTMvEjIsVMXU?authuser=0&hl=en&rclk=1","Warung Sambal Dadak Trunojoyo","","","Restaurant","Jl. Raya Telang No.13-7","","https://lh5.googleusercontent.com/p/AF1QipOi1eWUiXboVS_3JHoZ-NPb3_eRzO6lP0zuPKSW=w163-h92-k-no"
"https://www.google.com/maps/place/Warung+Nasi+Penjara/data=!4m7!3m6!1s0x2dd80f4eca1a139f:0xf34049c90d8f9230!8m2!3d-7.0223385!4d112.7468159!16s%2Fg%2F11rxrl_mh6!19sChIJnxMayk4P2C0RMJKPDclJQPM?authuser=0&hl=en&rclk=1","Warung Nasi Penjara","4.9","","Nasi restaurant","Jl. Pertempuran No.35","⋅ Closes 4 AM","https://lh5.googleusercontent.com/p/AF1QipOn87mLsyWQJ52PjjqNY9NWWO_60yZ_zNDrF7w9=w122-h92-k-no"
"https://www.google.com/maps/place/WARUNG+LAMONGAN+%22+CAK+HUDI+%22/data=!4m7!3m6!1s0x2dd80395a8365b03:0x3e50323bf2bc5101!8m2!3d-7.153933!4d112.7165844!16s%2Fg%2F11h0c1sxl6!19sChIJA1s2qJUD2C0RAVG88jsyUD4?authuser=0&hl=en&rclk=1","WARUNG LAMONGAN "" CAK HUDI ""","3.3","","Indonesian","Jl. Trunojoyo","⋅ Opens 11 AM Mon","https://lh5.googleusercontent.com/p/AF1QipP24_kUJaFwMNfV4X5gYyuehzRbxUoi1T_dvMgt=w80-h142-k-no"
"https://www.google.com/maps/place/Warung+Susi/data=!4m7!3m6!1s0x2dd805bca50fb211:0xe40e081e0d3813d6!8m2!3d-7.0500332!4d112.7501465!16s%2Fg%2F11cp5z7q5h!19sChIJEbIPpbwF2C0R1hM4DR4IDuQ?authuser=0&hl=en&rclk=1","Warung Susi","4.3","","Restaurant","WQX2+X3J","⋅ Opens 7:15 AM Mon","https://streetviewpixels-pa.googleapis.com/v1/thumbnail?panoid=0u7nuklLN8kmXgSBu5EFzQ&cb_client=search.gws-prod.gps&w=80&h=92&yaw=299.80902&pitch=0&thumbfov=100"
"https://www.google.com/maps/place/Dapur+Raddhin/data=!4m7!3m6!1s0x2dd8013fe6c837d7:0xae28c0f256ae66bf!8m2!3d-7.1296215!4d112.7130117!16s%2Fg%2F11s658tg7_!19sChIJ1zfI5j8B2C0Rv2auVvLAKK4?authuser=0&hl=en&rclk=1","Dapur Raddhin","5.0","","Indonesian","VPC7+562, Jl. Trunojoyo","⋅ Opens 9 AM Mon","https://lh5.googleusercontent.com/p/AF1QipPZQBsxcDA_w4bwnnhQMz2lOiMMotW2Iq-IH107=w80-h109-k-no"
"https://www.google.com/maps/place/WARUNG+NASI+PECEL+%26+CAMPUR+UMMI+FADHILAH/data=!4m7!3m6!1s0x2dd8034481b576e3:0x10117d332ef0b2ae!8m2!3d-7.1634269!4d112.7222976!16s%2Fg%2F11jmgjx2kz!19sChIJ43a1gUQD2C0RrrLwLjN9ERA?authuser=0&hl=en&rclk=1","WARUNG NASI PECEL & CAMPUR UMMI FADHILAH","5.0","","Restaurant","Jl. Kusuma Bangsa, RT.005/RW.001","⋅ Opens 6 AM Mon","https://lh5.googleusercontent.com/p/AF1QipPjhAsUc0ZjEUPjDlwmesGlguSAFNLUai4sx-IE=w123-h92-k-no"
"https://www.google.com/maps/place/Batu+Layar+Resto+%26+Art+Gallery/data=!4m7!3m6!1s0x2dd805146715b901:0xb37b8dbb1295da2b!8m2!3d-7.0480082!4d112.7239455!16s%2Fg%2F11py_h09rb!19sChIJAbkVZxQF2C0RK9qVEruNe7M?authuser=0&hl=en&rclk=1","Batu Layar Resto & Art Gallery","4.5","","Restaurant","Jl. Kini Balu","⋅ Opens 8 AM Mon","https://lh5.googleusercontent.com/p/AF1QipOzF0TVhd5lzlOIS38-AIB1jWwybc9yYAxQ8ADR=w122-h92-k-no"
"https://www.google.com/maps/place/Warung+Nasi+KORLABADA/data=!4m7!3m6!1s0x2dd80229b684d0f5:0x20182fca8a625bde!8m2!3d-7.1548332!4d112.7169173!16s%2Fg%2F11bzr836_z!19sChIJ9dCEtikC2C0R3ltiisovGCA?authuser=0&hl=en&rclk=1","Warung Nasi KORLABADA","4.2","","East Javanese restaurant","RPW8+3Q7, Jl. Trunojoyo","⋅ Opens 6 AM Mon","https://lh5.googleusercontent.com/p/AF1QipN1s-ond7WYdXpitK8GB3kLWZhGFW010atLvDlj=w163-h92-k-no"
"https://www.google.com/maps/place/M2M+KAMAL/data=!4m7!3m6!1s0x2dd8035ff20d7785:0xf82273fd0edf6669!8m2!3d-7.12547!4d112.7185567!16s%2Fg%2F11jgh6cqtr!19sChIJhXcN8l8D2C0RaWbfDv1zIvg?authuser=0&hl=en&rclk=1","M2M KAMAL","4.4","","Restaurant","Jl. Raya Telang","⋅ Opens 9 AM Mon","https://lh5.googleusercontent.com/p/AF1QipPdcl54MQY3nNFOSax-ESFUFixk4O2hRJbHMcCB=w163-h92-k-no"
"https://www.google.com/maps/place/Warung+Olala/data=!4m7!3m6!1s0x2dd803c9543ea693:0x72a151357dcc6122!8m2!3d-7.1266329!4d112.726409!16s%2Fg%2F11h27y55b5!19sChIJk6Y-VMkD2C0RImHMfTVRoXI?authuser=0&hl=en&rclk=1","Warung Olala","3.0","","Restaurant","Perumahan Telang Indah II","⋅ Opens 7 AM Mon","https://streetviewpixels-pa.googleapis.com/v1/thumbnail?panoid=XKuOFSRsVTIerqslUpSByw&cb_client=search.gws-prod.gps&w=80&h=92&yaw=220.74951&pitch=0&thumbfov=100"
"https://www.google.com/maps/place/Rusmini+Warung+Nasi+Bebek/data=!4m7!3m6!1s0x2dd80356c6d3ece3:0x295145596a600c51!8m2!3d-7.1297286!4d112.7773773!16s%2Fg%2F11f5l_mm3n!19sChIJ4-zTxlYD2C0RUQxgallFUSk?authuser=0&hl=en&rclk=1","Rusmini Warung Nasi Bebek","4.0","","Javanese restaurant","VQCG+4X2","","https://lh5.googleusercontent.com/p/AF1QipMi1kZaaNcjE3_7bBYjdkQS2yyKSHdL5go-wz6G=w122-h92-k-no"
"https://www.google.com/maps/place/Warung+bu+muhyi/data=!4m7!3m6!1s0x2dd80191c6c28a59:0xef4f9c78737eff6c!8m2!3d-7.1271216!4d112.7131546!16s%2Fg%2F11fr32_gg0!19sChIJWYrCxpEB2C0RbP9-c3icT-8?authuser=0&hl=en&rclk=1","Warung bu muhyi","4.2","","Nasi restaurant","Jl. Trunojoyo gang buntu","⋅ Opens 6:30 AM Mon","https://lh5.googleusercontent.com/p/AF1QipN1Om6IsFZoxEqsPHNahmPfnEA_HMn3lwCmsNWk=w80-h106-k-no"
"https://www.google.com/maps/place/Kuliner+bangkalan/data=!4m7!3m6!1s0x2dd80ffed936762f:0xa1ccf4a764d2d5f5!8m2!3d-7.0101727!4d112.7641481!16s%2Fg%2F11sc2wnyj8!19sChIJL3Y22f4P2C0R9dXSZKf0zKE?authuser=0&hl=en&rclk=1","Kuliner bangkalan","5.0","","Restaurant","Jl. Raya Bancaran","⋅ Opens 6 AM Mon","https://streetviewpixels-pa.googleapis.com/v1/thumbnail?panoid=cUcMbgX4OCe7lU4OvbZIUQ&cb_client=search.gws-prod.gps&w=80&h=92&yaw=351.23425&pitch=0&thumbfov=100"
"https://www.google.com/maps/place/M+Cafe+%26+Resto/data=!4m7!3m6!1s0x2dd80592fb408149:0x51efaf8bcd2c97bc!8m2!3d-7.0379289!4d112.741211!16s%2Fg%2F11bwfmczyv!19sChIJSYFA-5IF2C0RvJcszYuv71E?authuser=0&hl=en&rclk=1","M Cafe & Resto","4.0","$$","Cafe","XP6R+RFG","⋅ 11:30 PM ⋅ Opens 10 AM Mon","https://lh5.googleusercontent.com/p/AF1QipPYADDfLKalF2QuZ1I-01p1fEDOWuN0l1bPGnNV=w163-h92-k-no"
"https://www.google.com/maps/place/Warung+Syahira/data=!4m7!3m6!1s0x2dd801dd2de80bdf:0x9576e6363ae3e2da!8m2!3d-7.1269976!4d112.7132112!16s%2Fg%2F11n1h6vdzb!19sChIJ3wvoLd0B2C0R2uLjOjbmdpU?authuser=0&hl=en&rclk=1","Warung Syahira","5.0","","Breakfast","Jl. Trunojoyo","⋅ Opens 6:30 AM Mon","https://lh5.googleusercontent.com/p/AF1QipMFT1BEofpB2KD90Ys-IHK-d3uAXfejYFtKHhvM=w80-h142-k-no"
"https://www.google.com/maps/place/Warung+Andrian/data=!4m7!3m6!1s0x2dd8016de6f92b41:0xc0f58db6323dbaf7!8m2!3d-7.127135!4d112.7130274!16s%2Fg%2F11h49k7rzz!19sChIJQSv55m0B2C0R97o9MraN9cA?authuser=0&hl=en&rclk=1","Warung Andrian","4.0","","Diner","VPF7+46R, Jl. Nasional 21","⋅ 12 AM ⋅ Opens 6 AM Mon","https://streetviewpixels-pa.googleapis.com/v1/thumbnail?panoid=e-M_-GerlSHwp5wwaunAEQ&cb_client=search.gws-prod.gps&w=80&h=92&yaw=231.6721&pitch=0&thumbfov=100"
"https://www.google.com/maps/place/Malang+Pecel+Bu+Billy/data=!4m7!3m6!1s0x2dd803e020a589cf:0x761bba284a4493e!8m2!3d-7.1260335!4d112.7152436!16s%2Fg%2F11fzyxs9j7!19sChIJz4mlIOAD2C0RPkmkhKK7YQc?authuser=0&hl=en&rclk=1","Malang Pecel Bu Billy","4.4","$","Nasi restaurant","Unnamed Road, 69162","⋅ Opens 7 AM Mon","https://lh5.googleusercontent.com/p/AF1QipPxqyPsT-w0f87fDbFERDyyBfdcsuth2KdELmys=w122-h92-k-no"
"https://www.google.com/maps/place/Orie%27z+Cafe+%26+Eatery/data=!4m7!3m6!1s0x2dd803e03101dd65:0x467564b6ccff2baa!8m2!3d-7.1254736!4d112.716152!16s%2Fg%2F11f3bs4g5g!19sChIJZd0BMeAD2C0Rqiv_zLZkdUY?authuser=0&hl=en&rclk=1","Orie'z Cafe & Eatery","4.0","$$","Restaurant","Jl. Raya Telang No.12","⋅ 12 AM ⋅ Opens 6 PM Mon","https://lh5.googleusercontent.com/p/AF1QipMNd5jkJQ_6_Y7FdyExdhILCqprsRC3ElyAdyU=w122-h92-k-no"
"https://www.google.com/maps/place/Warung+Makan+Pak+Imam/data=!4m7!3m6!1s0x2dd8033fd07d612f:0x336591755ea23e73!8m2!3d-7.1256449!4d112.7173253!16s%2Fg%2F11s8xwh9rx!19sChIJL2F90D8D2C0Rcz6iXnWRZTM?authuser=0&hl=en&rclk=1","Warung Makan Pak Imam","","","Nasi restaurant","Jl. Telang Indah Timur","⋅ Opens 6 AM Mon","https://lh5.googleusercontent.com/p/AF1QipPA8KBRHHrDOLQFrK3ATKxCqM4tmx7gTqaAY7sw=w122-h92-k-no"
"https://www.google.com/maps/place/Rujak+Soto+Bu+Satini/data=!4m7!3m6!1s0x2dd8024bfc4125f3:0xa7d88f62779a5d4f!8m2!3d-7.1510004!4d112.744505!16s%2Fg%2F11f4p9r6bq!19sChIJ8yVB_EsC2C0RT12ad2KP2Kc?authuser=0&hl=en&rclk=1","Rujak Soto Bu Satini","4.4","","Javanese restaurant","RPXV+HRR, Unnamed Road","⋅ Opens 9 AM Mon","https://lh5.googleusercontent.com/p/AF1QipOr-Df912Ax6nJF_PkMafObXvnCW1jczDoddpWf=w122-h92-k-no"
"https://www.google.com/maps/place/Cak+Tris+Nasi+Goreng/data=!4m7!3m6!1s0x2dd80228f80d61c5:0xfd879ca28af7911c!8m2!3d-7.155597!4d112.7181524!16s%2Fg%2F11gf0057gz!19sChIJxWEN-CgC2C0RHJH3iqKch_0?authuser=0&hl=en&rclk=1","Cak Tris Nasi Goreng","4.2","$","Nasi goreng restaurant","Perumahan, Jl. Jambu Raya No.27","⋅ 12 AM ⋅ Opens 1 PM Mon","https://lh5.googleusercontent.com/p/AF1QipNam_Jm_y4I7EBCstgde1Kf5Qh9kcluGhcrBoLW=w122-h92-k-no"
"https://www.google.com/maps/place/Warung+Bebek+Pojok/data=!4m7!3m6!1s0x2dd80306feddf451:0x4a68a35f816431d8!8m2!3d-7.1376717!4d112.7661425!16s%2Fg%2F11f4m6cxrd!19sChIJUfTd_gYD2C0R2DFkgV-jaEo?authuser=0&hl=en&rclk=1","Warung Bebek Pojok","4.5","$","Javanese restaurant","VQ68+WFJ","⋅ Opens 7:30 AM Mon","https://lh5.googleusercontent.com/p/AF1QipO5jV3Rqd8DcnGCoZSdOgJ95doZrZg_4lWjC8TX=w197-h92-k-no"
"https://www.google.com/maps/place/Soto+Mata+Sapi/data=!4m7!3m6!1s0x2dd8051631e22579:0xd6193cb406ad1f4a!8m2!3d-7.0507934!4d112.7859644!16s%2Fg%2F11c2lv9bc4!19sChIJeSXiMRYF2C0RSh-tBrQ8GdY?authuser=0&hl=en&rclk=1","Soto Mata Sapi","4.4","$","Brunch","Jl. Pancar Selatan","⋅ Opens 8:30 AM Mon","https://lh5.googleusercontent.com/p/AF1QipPughfWR-Ogjj7iV1gae5c9WZPlzJvYsBMg65YP=w122-h92-k-no"
"https://www.google.com/maps/place/Warung+BANG+EDI/data=!4m7!3m6!1s0x2dd80585e2aef10f:0x4b3ea52ec5dc722a!8m2!3d-7.0304615!4d112.7519778!16s%2Fg%2F11bzrnnwfj!19sChIJD_Gu4oUF2C0RKnLcxS6lPks?authuser=0&hl=en&rclk=1","Warung BANG EDI","4.7","","Diner","Jl. Mayjen Sungkono No.40","⋅ Opens 8 AM Mon","https://lh5.googleusercontent.com/p/AF1QipNMkZK6XXLnPI1m_dfL4ZebDacRVgFBzRifL8yQ=w80-h142-k-no"
"https://www.google.com/maps/place/Warung+Sarapan+Mak+Tik/data=!4m7!3m6!1s0x2dd80555903fb30b:0x25bf6c27a829c52a!8m2!3d-7.0443153!4d112.7320735!16s%2Fg%2F11rccfj62g!19sChIJC7M_kFUF2C0RKsUpqCdsvyU?authuser=0&hl=en&rclk=1","Warung Sarapan Mak Tik","4.8","","Nasi restaurant","Jl. Nusa Indah Gg. II No.6","⋅ Opens 5:30 AM Mon","https://streetviewpixels-pa.googleapis.com/v1/thumbnail?panoid=Yag56XcX1Vna_OFUiRzwWA&cb_client=search.gws-prod.gps&w=80&h=92&yaw=73.856316&pitch=0&thumbfov=100"
"https://www.google.com/maps/place/Atrium+29+bangkalan/data=!4m7!3m6!1s0x2dd805a4c1a017dd:0x2600d4dc496f91fb!8m2!3d-7.0318673!4d112.7623901!16s%2Fg%2F11lm98__rv!19sChIJ3RegwaQF2C0R-5FvSdzUACY?authuser=0&hl=en&rclk=1","Atrium 29 bangkalan","","","Brunch","XQ96+7X2, Jl. Pemuda Kaffa","⋅ Opens 7:30 AM Mon","https://lh5.googleusercontent.com/p/AF1QipNA-hqZv4pWtjdP-_nJzU0xgZS-ixu8x8-fdanw=w122-h92-k-no"
"https://www.google.com/maps/place/WDK+%28Warung+Depan+Kampus%29/data=!4m7!3m6!1s0x2dd803e73d3de7d9:0xd1cec1e8b896dca1!8m2!3d-7.1253781!4d112.7225419!16s%2Fg%2F11cjkpvxkb!19sChIJ2ec9PecD2C0RodyWuOjBztE?authuser=0&hl=en&rclk=1","WDK (Warung Depan Kampus)","4.2","","Indonesian","VPFF+R2V, Tellang, Kamal","⋅ Opens 6 AM Mon","https://lh5.googleusercontent.com/p/AF1QipMeDvD9CrPO941JI8e6gB1ZXXBBV2w1pHhy1Cdz=w122-h92-k-no"
"https://www.google.com/maps/place/Warung+nasi+bebek+ali+baba/data=!4m7!3m6!1s0x2dd80308f6335019:0xac8a7dd52bb52f7!8m2!3d-7.122424!4d112.7725401!16s%2Fg%2F11lphxrj2l!19sChIJGVAz9ggD2C0R91K7Ut2nyAo?authuser=0&hl=en&rclk=1","Warung nasi bebek ali baba","5.0","","Restaurant","VQHF+22M, Jalan Raya","⋅ Opens 6 AM Mon","https://lh5.googleusercontent.com/p/AF1QipNsjoADfhwnjVspuz5SWTL2bkd4iMPTuKeVRyCg=w80-h141-k-no"
"https://www.google.com/maps/place/Rawon+Socah+Tempo+Doeloe/data=!4m7!3m6!1s0x2dd806a3847db56b:0x9b426f4bd91286bf!8m2!3d-7.0924549!4d112.7066273!16s%2Fg%2F11fy1ywn78!19sChIJa7V9hKMG2C0Rv4YS2UtvQps?authuser=0&hl=en&rclk=1","Rawon Socah Tempo Doeloe","4.7","","Restaurant","Jl. Jend. A. Yani","⋅ Opens 5:30 AM Mon","https://lh5.googleusercontent.com/p/AF1QipO-jiSp7rc0yL6AKMCZUXuHg_KHSqlGYXLt92H-=w80-h142-k-no"
"https://www.google.com/maps/place/Warung+Nasi+Serpang/data=!4m7!3m6!1s0x2dd8032ace31f21d:0x5f2ab708a6a06a77!8m2!3d-7.161173!4d112.7215365!16s%2Fg%2F11jb1fr3zl!19sChIJHfIxzioD2C0Rd2qgpgi3Kl8?authuser=0&hl=en&rclk=1","Warung Nasi Serpang","","","Nasi restaurant","RPQC+GJM, Jl. Sumbersari","","https://streetviewpixels-pa.googleapis.com/v1/thumbnail?panoid=A-PDSHS3wzmvzqiPKy8Riw&cb_client=search.gws-prod.gps&w=80&h=92&yaw=134.034&pitch=0&thumbfov=100"
"https://www.google.com/maps/place/Kedai+KITA+eat+n+drink/data=!4m7!3m6!1s0x2dd8057e05141fe5:0x85f01c6957605ac9!8m2!3d-7.0495323!4d112.7301949!16s%2Fg%2F11h0tdz6fq!19sChIJ5R8UBX4F2C0RyVpgV2kc8IU?authuser=0&hl=en&rclk=1","Kedai KITA eat n drink","4.2","","Nasi restaurant","XP2J+53P, Jl. R.E. Marthadinata","","https://lh5.googleusercontent.com/p/AF1QipPqTkK_N3ZgzP5IqJ7TQP_IYVCu-HJaz1DSYkr6=w163-h92-k-no"
"https://www.google.com/maps/place/WARUNG+MAKAN+SANUR/data=!4m7!3m6!1s0x2dd80229eb3b4509:0x983755f5f97aeee1!8m2!3d-7.1536496!4d112.7166849!16s%2Fg%2F11f4vcvy33!19sChIJCUU76ykC2C0R4e56-fVVN5g?authuser=0&hl=en&rclk=1","WARUNG MAKAN SANUR","4.5","","Diner","","⋅ Opens 6 AM Mon","https://lh5.googleusercontent.com/p/AF1QipMvuCx-q4ZvzsJGC6nDiGHpm65IU6nM0vslrAmL=w80-h106-k-no"
"https://www.google.com/maps/place/Warung+nasi+Bebek+Nikmat+wisata+alam+Kesek/data=!4m7!3m6!1s0x2dd8034f4bb5c83f:0x7b75e075b2bdbbd7!8m2!3d-7.1612106!4d112.7721894!16s%2Fg%2F11m_y55d1d!19sChIJP8i1S08D2C0R17u9snXgdXs?authuser=0&hl=en&rclk=1","Warung nasi Bebek Nikmat wisata alam Kesek","","","Diner","RQQC+GV8","⋅ Opens 10 AM Mon","https://lh5.googleusercontent.com/p/AF1QipMP84t6zbc1lrE1V698thh0dDrMi5xgWPsG5dHT=w163-h92-k-no"
"https://www.google.com/maps/place/Warung+Sakera/data=!4m7!3m6!1s0x2dd8010b0ae0dae9:0xc853d486dcfb7bb!8m2!3d-7.1263069!4d112.7147658!16s%2Fg%2F11s_rqb45v!19sChIJ6drgCgsB2C0Ru7fPbUg9hQw?authuser=0&hl=en&rclk=1","Warung Sakera","5.0","","Restaurant","Jl. Telang Indah Barat No.B3","","https://lh5.googleusercontent.com/p/AF1QipMywN8m2SRkkMzXwQ-TiUREXUUIF1KGcuMsUFqm=w111-h92-k-no"
"https://www.google.com/maps/place/Depot+Barokah/data=!4m7!3m6!1s0x2dd80226c239b5cd:0x44f85587704d4f1d!8m2!3d-7.161382!4d112.719229!16s%2Fg%2F11b6dc_jt4!19sChIJzbU5wiYC2C0RHU9NcIdV-EQ?authuser=0&hl=en&rclk=1","Depot Barokah","","","East Javanese restaurant","RPQ9+CMX, Jl. Kusuma Bangsa","⋅ Opens 9 AM Mon","https://streetviewpixels-pa.googleapis.com/v1/thumbnail?panoid=uPYJUBvvW2poMUnx680HGA&cb_client=search.gws-prod.gps&w=80&h=92&yaw=239.95337&pitch=0&thumbfov=100"
"https://www.google.com/maps/place/Rujak+soto+MANOHARA%28Mbak+MAR%29/data=!4m7!3m6!1s0x2dd803f6c80ebed3:0xc927ef0270c0c52!8m2!3d-7.1612923!4d112.7234814!16s%2Fg%2F11fk3_ph89!19sChIJ074OyPYD2C0RUgwMJ_B-kgw?authuser=0&hl=en&rclk=1","Rujak soto MANOHARA(Mbak MAR)","4.9","","Restaurant","Jln.Sukun bawah","⋅ Opens 9 AM Mon","https://lh5.googleusercontent.com/p/AF1QipM4e0rOaeVeIdBjek6mi8NbJf78lpMmhZ3jirQF=w164-h92-k-no"
"https://www.google.com/maps/place/DAPOER+BERKAH+BUNDA+SISKA/data=!4m7!3m6!1s0x2dd801f535b8e95d:0xa91639b1187f209f!8m2!3d-7.152011!4d112.714447!16s%2Fg%2F11jnn10qrz!19sChIJXem4NfUB2C0RnyB_GLE5Fqk?authuser=0&hl=en&rclk=1","DAPOER BERKAH BUNDA SISKA","5.0","","Restaurant","Jl.Tajungan RT 04 RW 01 Madura","⋅ Opens 8 AM Mon","https://streetviewpixels-pa.googleapis.com/v1/thumbnail?panoid=K1ZvEx8ocRRYZNm9z_9GdQ&cb_client=search.gws-prod.gps&w=80&h=92&yaw=292.52008&pitch=0&thumbfov=100"
"https://www.google.com/maps/place/Warung+ricis/data=!4m7!3m6!1s0x2dd803be2d55096b:0x4e4583f4add95ec!8m2!3d-7.1400444!4d112.7587081!16s%2Fg%2F11q2nv835l!19sChIJawlVLb4D2C0R7JXdSj9Y5AQ?authuser=0&hl=en&rclk=1","Warung ricis","1.0","","Brunch","VQ55+XFP, Jalan Raya","","https://lh5.googleusercontent.com/p/AF1QipOq1ltO2tyqmc9aSbceTNS2Ytc8OUPxAcwJryHf=w80-h106-k-no"
"https://www.google.com/maps/place/Warung+Bakso+Mercon+Tanjung+Jati/data=!4m7!3m6!1s0x2dd80214f0b4ed2f:0x2f8dc8456e55f9ab!8m2!3d-7.1699203!4d112.7363204!16s%2Fg%2F11c4bh5csc!19sChIJL-208BQC2C0Rq_lVbkXIjS8?authuser=0&hl=en&rclk=1","Warung Bakso Mercon Tanjung Jati","4.3","$","Bakso restaurant","Jl. Letnan Abdullah, RT.001/RW.002","⋅ Opens 9 AM Mon","https://lh5.googleusercontent.com/p/AF1QipP8QEulakcmZ2Ut8W51LVIDDTW22bp2CzuHd78=w92-h92-k-no"
"","","","","","","",""